100% chocolat," Rien de mieux qu'un dessert au chocolat pour mettre tout le monde d'accord vous ne trouvez pas ? Gâteau au chocolat, mousse au chocolat, crème au...",2h50
Chocolats de Pâques," Pas de Pâques sans chocolats ! Alors vite, faites le tour des chocolats de Pâques... qu'ils soient maison ou non, ils sont toujours bons. ",25 min
Chocolat de Noël, Et si vous faisiez vos propres chocolats de Noël cette année ? C'est facile grâce à toutes nos astuces et recettes. ,19 min 30 sec
Truffes au chocolat," On fond pour les truffes et surtout, on teste toutes les recettes pour choisir ses préférées. ",25 min
Banoffee aux zébrures de chocolat,"Ingrédients : boîte de Lait Concentré Sucré Nestlé 397 g,Chocolat NESTLÉ DESSERT Noir,Chocolat NESTLÉ DESSERT Lait,petit beurre,beurre doux,banane moyenne,citron,boîte de Lait...",45 min
Beignets à la banane,"Ingrédients : oeuf, banane, farine, sucreEcraser les bananes puis ajouter les oeufs. rajouter le sucre, mélanger. rajouter la farine, mélanger. faire cuire dans l huile. ",15 min
Cake aux bananes,"Ingrédients : citron, oeuf, banane, sucre en poudre, farine, sucre vanillé, beurre, levure chimiqueBeurrez un moule à cake avec un peu de beurre. préchauffez le four à 180°c (thermostat 6). râpez le zeste...",1h15
Muffins à la banane,"Ingrédients : oeuf, levure, banane, bicarbonate, farine, beurre, sel, sucreEcraser les bananes. ajouter le sucre et l oeuf légèrement battu. ajouter le beurre fondu, puis les ingrédients secs...",30 min
Pancakes à la banane !,"Oui on sait, les pancakes, on les sert le dimanche... Mais si on en mangeait un peu plus tôt cette semaine? La recette ici :   ---- Abonne-toi à notre chaîne ici ----  La cuisine de Marmiton est relookée par Conforama et...",24 min
Maki banane Nutella®,"Ingrédients : pâte à crêpe pour 4 crêpes,Nutella®,citron,banane,noix de coco rapée.Faites cuire 4 crêpes.Sur chaque crêpe, étalez du Nutella®.Pelez les bananes puis...",1h20,
Mousse framboise, Ca mousse avec la framboise et c'est nous qui nous régalons. ,20 min
Coulis de framboises,"Ingrédients : framboise, eau, sucrePorter l eau et le sucre à ébullition. ajouter ce sirop aux framboises et mixer. passer le coulis au tamis afin d’ôter les pépins.",1 h
Tarte aux framboises,"Ingrédients : framboise, beurre demi-sel, farine, jus de citron, mascarpone, fromage blanc, sucre glace, sucrePréparez une pâte sablée avec la farine et le beurre ramolli. etalez-la à la main dans un plat...",25 min
Tiramisu aux framboises,"Ingrédients : framboise, oeuf, lait, sucre vanillé, mascarpone, sucre roux, biscuitDans le fond d un plat, disposer des biscuits cuillère trempés dans du lait (cette étape n est pas obligatoire car ils...",20 min
Porridge au Nutella® et aux fruits,"Ingrédients : flocons d'avoine,lait écrémé,framboise,noisette grossièrement concassées,Nutella®,sucre.Versez le lait et les flocons d'avoine dans une casserole. ...",1 h
Peanut butter ou beurre de cacahuètes," par Auntie Jo (blog ""Auntie jo funny little kichen"") Le beurre de cacahuète est un des produit alimentaire emblématique des Etats-Unis, invitez-le dans votre assiette ! ",5 min
Beurre de Cacahuète,"Ingrédients : huile d arachide, cacahuète grilléeMettre dans le bol du robot les cacahuètes et l huile d arachide. mixer environ 3 mn jusqu à obtention de la consistance désirée. vous pouvez...",35 min
Poulet aux cacahuètes,"Ingrédients : sauce soja, lait de coco, massala, oignon, cube de bouillon, arachide, poulet, mielCouper le poulet en lamelles. faire bouillir de l eau dans une casserole, et faire fondre le bouillon de volaille. faire...",40 min
Glace aux cacahuètes,"Ingrédients : oeuf, beurre de cacahuète, crême fraîche, lait, sucre finBattre le sucre et les jaunes d oeufs. faire boullir le lait. incorporer petit à petit le lait à la préparation. faire épaissir au...",2h20,
Glace au lait caramel et cacahuètes,"Ingrédients : crème fleurette,tube de Lait Concentré Sucré à pâtisser NESTLE 170 g,cacahuète non salées,beurre,sucre,crème fleurette,tube de Lait Concentré Sucré à pâtisser NESTLE...",40 min
Vanille, Ah ! La vanille ! Que serait la pâtisserie sans elle ? ,30 min
Sablés à la vanille,"Ingrédients : oeuf, sucre vanillé, sucre fin, beurre, farine de bléMélange bien l œuf, le sucre, le sucre vanillé et le beurre dans une terrine. incorpore la farine, puis fais une boule de pâte que...",1 h,
Crème aux oeufs à la vanille,"Ingrédients : oeuf, lait, extrait de vanille, crème liquide, sucreFaire bouillir le lait et la crème avec l extrait de vanille, mélanger le sucre et les oeufs, incorporer le lait avec les oeufs....",30 min
Crème pâtissière à la vanille,"Ingrédients : oeuf, lait, farine, vanille, sucreChauffer le lait et la vanille pour le faire bouillir. battre les jaunes d oeufs avec le sucre pui ajouter la farine. verser le lait bouillant sur le...",1h05
Croissants biscuités à la vanille et au Nutella®,"Ingrédients : vanille,beurre mou,sucre en poudre,amande,farine,Nutella®.Fendez la gousse de vanille dans le sens de la longueur et grattez les graines.Mélangez le beurre coupé en...",5 min
pralin,"Ingrédients : beurre, amande, sucreCaraméliser sucre et beurre, ajoutez les amandes moulues et mélanger. laissez refroidir la préparation, bien étalée, sur du papier sulfurisé. ",7 min
Brioche aux pralines !,On a pas pu trouver plus gourmande comme recette ! La recette écrite ici :   ---- Abonne-toi à notre chaîne ici ----  ---- N'en rate pas une miette ---- sur Google + :   Sur Pinterest :  et sur notre site bien sûr   A...,30 min
Pralin, Ingrédients : - 100 g de sucre - 75 g de noisettes concassées - 25 g d'amandes concassées - 3.5 cl d'eau - quelques gouttes de jus de citron Etapes clés : Verser le sucre et l'eau dans une...,4h14
Tarte à la praline,"Ingrédients : crème épaisse, pâte brisée, pralineCuire à vide (avec des cailloux) la pâte brisée étalée dans un moule à tarte pendant 10 min à 180°c (thermostat 6), sur un papier sulfurisé. puis...",15 min
"Gâteau glacé de noël chocolat, pralin coco","Ingrédients : Chocolat NESTLÉ DESSERT Noir Absolu,crème fleurette,noix de coco,tube de Lait Concentré Sucré à pâtisser NESTLE 170 g,Chocolat NESTLÉ DESSERT Blanc,pralin,lait...",4h10
Cake au citron,"Ingrédients : citron, oeuf, farine, beurre, levure chimique, sucreSéparer les blancs de jaunes. battre les blancs d oeufs en neige, puis les réserver. au bain-marie, faire fondre le beurre. râper le...",45 min
Madeleines au citron,"Ingrédients : citron, oeuf, levure, farine, beurre, sucrePréchauffez le four à 220°c (th 7-8). faites fondre le beurre au micro-ondes (puissance minimum). laissez-le refroidir. hachez finement le zeste de...",27 min
Carrés au citron !,Carrément à tomber par terre..! La recette ici :   ---- Abonne-toi à notre chaîne ici ----  ---- N'en rate pas une miette ---- sur Google + :   Sur Pinterest :  et sur notre site bien sûr   A très vite ;-) © Marmiton...,24 min
Cheesecake au citron !,"Chez Marmiton, il a été goûté, et tout de suite adopté ! Retrouve la recette sur Marmiton :   Abonne-toi à notre chaîne ici   N'en rate pas une miette : sur Google + :   Sur Pinterest :  © Marmiton 2014 Présentation...",55 min
Mini Barquitas™ tarte au citron,"Ingrédients : 12 Mini Barquitas™ tortillas de Blé Nature Old el Paso™,lait concentré sucré,jus de citron,jaune d'oeuf,beurre fondu,sucre,crème chantilly,spéculoos,zeste de...",55 min
Sa majesté le Canelé," par Anne (Blog ""Papilles et pupilles"") Le canelé laisse le choix : entre les différentes tailles et les différentes cuissons , les gourmets vont avoir de quoi satisfaire leur gourmande...",10 min
Crème pâtissière à la canelle (sans beurre),"Ingrédients : oeuf, crême fraîche, lait, maïzena, cannelle, miel, sucreMettre le lait et la crème à bouillir dans une casserole. pendant de temps, battre le sucre et les œufs jusqu à l obtention d un mélange...",45 min
Muffins pommes canelle,"Ingrédients : oeuf, pomme, lait, farine, beurre, levure chimique, sucre roux, sel, cannelle, sucrePréchauffé le four à 180° chaleur tournante. (thermostat 6) éplucher les pommes et les couper en dés, réserver....",1 h
Gâteau Chocolat Canelle,"Ingrédients : oeuf, lait, farine, chocolat noir, beurre, cannelle, sucreFaites chauffer le four à 150°c (thermostat 5). faites chauffer le lait dans une casserole. pendant ce temps cassez le chocolat en petits...",2h15
Brioches tressées à la cannelle et au Nutella®,"Ingrédients : levure de boulanger fraîche,lait entier,oeuf,farine,sucre en poudre,sel,beurre mou,cannelle,Nutella®,levure de boulanger fraîche,lait entier,oeuf,farine,sucre en...",23 min
